title,author,length
Hidden Potential,Adam Grant,Length: 7 hrs and 21 mins
Be Useful,Arnold Schwarzenegger,Length: 6 hrs and 19 mins
Determined,Robert M. Sapolsky,Length: 16 hrs and 39 mins
Clear Thinking,Shane Parrish,Length: 6 hrs and 41 mins
The Secret,"Lee Child,Andrew Child",Length: 8 hrs and 18 mins
The Ashes and the Star-Cursed King,Carissa Broadbent,Length: 18 hrs and 55 mins
Gita,Pranay,Length: 4 hrs and 40 mins
The Power of Your Subconscious Mind (Marathi Edition),Joseph Murphy,Length: 9 hrs and 40 mins
Vivekanand [Vivekananda],Rajendra Mohan Bhatnagar,Length: 12 hrs and 50 mins
"The Sandman, Act I (Hindi Edition)","Neil Gaiman,Dirk Maggs",Length: 11 hrs and 3 mins
No Brainer,Jeff Kinney,Length: 2 hrs and 26 mins
The Psychology of Money (Marathi Edition),Morgan Housel,Length: 8 hrs and 50 mins
Chanakya Aur Chandragupt [Chanakya and Chandragupta],Rajender Pandya,Length: 6 hrs
Nightshade Revenge,Anthony Horowitz,Length: 8 hrs and 27 mins
What Do You Care What Other People Think?,"Richard P. Feynman,Ralph Leighton",Length: 6 hrs and 12 mins
"Think Faster, Talk Smarter",Matt Abrahams,Length: 7 hrs and 11 mins
The Rozabal Line (Hindi Edition),Ashwin Sanghi,Length: 12 hrs and 28 mins
Sahaj Yog,OSHO,Length: 37 hrs and 10 mins
Babylon Ka Sabse Ameer Aadami [The Richest Man in Babylon],George S. Clason,Length: 4 hrs and 46 mins
The Art of Thinking Clearly (Marathi Edition),Rolf Dobelli,Length: 14 hrs and 26 mins
Serpent Rising,Neven Paar,Length: 28 hrs and 40 mins
Kautilya Arthshastra (Hindi Edition),Chanakya,Length: 6 hrs
The Art of Influencing People,Virender Kapoor,Length: 38 mins
The Quick and Easy Way to Effective Speaking,Dale Carnegie,Length: 6 hrs and 39 mins
My Experiments with Truth,Mohandas K. Gandhi,Length: 19 hrs and 11 mins
"Master Your Time, Master Your Life",Brian Tracy,Length: 4 hrs and 2 mins
Panchatantra (Hindi Edition),Vishnu Sharma,Length: 5 hrs and 41 mins
You Are the Best Wife,Ajay K. Pandey,Length: 7 hrs and 29 mins
Ghost Stories: Stephen Fry's Definitive Collection,"Stephen Fry,Washington Irving,M.R. James,Amelia B. Edwards,Robert Louis Stevenson,Algernon Blackwood,Edgar Allan Poe,Charlotte Riddell,Bram Stoker",Length: 8 hrs and 18 mins
1991,Sanjaya Baru,Length: 5 hrs and 25 mins
The Power of Habit (Hindi Edition),Charles Duhigg,Length: 13 hrs and 23 mins
Meri Gita,Devdutt Pattanaik,Length: 7 hrs and 39 mins
7 Secrets of Shiva,Devdutt Pattanaik,Length: 4 hrs and 4 mins
Orwell Collection,George Orwell,Length: 16 hrs and 18 mins
10 Things That Never Happened,Alexis Hall,Length: 10 hrs and 9 mins
The Buddha Said,Osho,Length: 35 hrs and 57 mins
Mahabharat Katha [Mahabharata Story],Amritlal Nagar,Length: 10 hrs and 41 mins
21 Shreshth Kahaniyan Prem Chand (Hindi Edition),Munshi Premchand,Length: 7 hrs and 44 mins
Art of Seduction,Robert Greene,Length: 22 hrs and 51 mins
The 7 Principles of Public Speaking,Richard Zeoli,Length: 5 hrs
Level Up,Rob Dial,Length: 7 hrs and 42 mins
Complete Chanakya Neeti,R.P. Jain,Length: 4 hrs
Jeevan Jine Ki Kala,Anand Satyarthi,Length: 5 hrs and 14 mins
Garuda Puran,Dr. Vinay,Length: 6 hrs and 8 mins
Why I Am an Atheist and Other Works,Bhagat Singh,Length: 3 hrs
Think and Grow Rich,Napoleon Hill,Length: 9 hrs and 35 mins
The Blue Umbrella,Ruskin Bond,Length: 51 mins
Understanding the Mysteries of Human Behavior,"Mark Leary,The Great Courses",Length: 12 hrs and 11 mins
The Stand-In,Lily Chu,Length: 10 hrs and 55 mins
The Favor,Suzanne Wright,Length: 15 hrs and 23 mins
The Woman in Me (German edition),"Britney Spears,Karsten Petersen - Übersetzer,Karlheinz Dürr - Übersetzer,Astrid Gravert - Übersetzer,Sylvia Bieker - Übersetzer",Length: 6 hrs and 26 mins
The Dhammapada Vol. 3,Osho,Length: 18 hrs and 1 min
Kane & Abel (Hindi Edition),Jeffrey Archer,Length: 16 hrs and 58 mins
One Hundred Poems of Kabir,Kabir,Length: 3 hrs and 1 min
Vikram and Vetaal,Kevin Missal,Length: 5 hrs and 30 mins
41 Anmol Kahaniya [41 Priceless Stories],Premchand,Length: 15 hrs and 28 mins
The Art and Science of Happiness,Swami Mukundananda,Length: 6 hrs and 16 mins
Cursed (Hindi Edition),Anusree Neogi,Length: 9 hrs and 47 mins
The Almanack of Naval Ravikant (Marathi Edition),Eric Jorgenson,Length: 4 hrs and 37 mins
Satya Ke Sath Mere Prayog [My Experiment with Truth],M. K. Gandhi,Length: 22 hrs and 54 mins
How to Enjoy Your Life and Your Job (Hindi Edition),Dale Carnegie,Length: 6 hrs and 2 mins
The Yugas,"Joseph Selbie,David Steinmetz,Swami Kriyananda - foreword",Length: 12 hrs and 43 mins
Ghost Stories of Shimla Hills,Minakshi Chaudhry,Length: 3 hrs and 31 mins
The Right Move,Liz Tomforde,Length: 14 hrs and 19 mins
Kalki Puran (Hindi Edition),Dr. Vinay,Length: 6 hrs and 10 mins
"Dont Lose Out, Work Out!",Rujuta Diwekar,Length: 7 hrs and 54 mins
The Kamogawa Food Detectives,"Hisashi Kashiwai,Jesse Kirkwood - translator",Length: 4 hrs and 58 mins
The Contract,Melanie Moreland,Length: 8 hrs and 43 mins
The Marriage Bargain,Jennifer Probst,Length: 6 hrs and 14 mins
1984 (Hindi Edition),George Orwell,Length: 13 hrs and 51 mins
Artificial Intelligence & Generative Ai for Beginners,David M. Patel,Length: 5 hrs and 7 mins
Exit Strategy,Martha Wells,Length: 3 hrs and 46 mins
Arabian Nights: Volume 1,Marty Ross,Length: 8 hrs and 20 mins
Gaban [Embezzlement],Premchand,Length: 12 hrs and 25 mins
Ikigai (Hindi Edition),"Hector Garcia,Fransesc Miralles",Length: 4 hrs and 42 mins
Kasturi Kundal Basai,OSHO,Length: 15 hrs
Eve,Cat Bohannon,Length: 15 hrs and 54 mins
Twisted Hate,Ana Huang,Length: 15 hrs
7 Secrets of Vishnu,Devdutt Pattanaik,Length: 4 hrs and 5 mins
A Damsel in Distress,P. G. Wodehouse,Length: 7 hrs and 9 mins
A Tale of Two Cities,"Charles Dickens,Simon Callow - introduction",Length: 15 hrs
Ramayana Versus Mahabharata,Devdutt Pattanaik,Length: 5 hrs and 13 mins
Wings of Fire,"APJ Abdul Kalam,Arun Tiwari",Length: 1 hr and 15 mins
Summary of The Four-Hour Work Week,Audiomatic.in,Length: 29 mins
Leadership,Brian Tracy,Length: 2 hrs and 11 mins
The Golden Future (1 of 4),OSHO,Length: 14 hrs and 40 mins
Vaishali Ki Nagarvadhu [City of Vaishali],Acharya Chatursen,Length: 23 hrs and 53 mins
"Surely You're Joking, Mr. Feynman!",Richard P. Feynman,Length: 11 hrs and 31 mins
Capitalism Without Capital,"Jonathan Haskel,Stian Westlake",Length: 8 hrs and 56 mins
How to Achieve Financial Independence and Retire Early,"JD Roth,The Great Courses",Length: 4 hrs and 39 mins
Autobiography of a Yogi (Hindi Edition),Paramahansa Yogananda,Length: 23 hrs and 46 mins
Valmiki Ramayan (Hindi Edition),Valmiki,Length: 7 hrs and 17 mins
A History of British India,"The Great Courses,Hayden J. Bellenoit",Length: 12 hrs and 11 mins
Indra Nooyi - A Biography,Annapoorna,Length: 4 hrs and 14 mins
Every Man for Himself and God Against All,"Werner Herzog,Michael Hofmann - translator",Length: 13 hrs and 42 mins
Poor Economics,"Abhijit V. Banerjee,Esther Duflo",Length: 11 hrs and 30 mins
"HBR's 10 Must Reads on AI, Analytics, and the New Machine Age","Harvard Business Review,Michael E. Porter,Thomas H. Davenport,Paul Daugherty,H. James Wilson",Length: 5 hrs and 25 mins
Satyajit Ray Ki Kahaniyan [Stories of Satyajit Ray],Satyajit Rai,Length: 8 hrs and 12 mins
Summary of Ikigai,Audiomatic.in,Length: 25 mins
How to Win Friends and Influence People (Marathi Edition),Dale Carnegie,Length: 9 hrs and 55 mins
33 Strategies of War,Robert Greene,Length: 27 hrs and 30 mins
My Gita,Devdutt Pattanaik,Length: 6 hrs and 15 mins
Devi Bhagwat Puran,Dr. Vinay,Length: 7 hrs and 13 mins
Freud Manovishleshan [Freud Psychoanalysis],Sigmund Freud,Length: 20 hrs and 13 mins
Sunderkand (Hindi Edition),Goswami Tulsidas,Length: 3 hrs and 23 mins
A Little History of Economics,Niall Kishtainy,Length: 9 hrs and 52 mins
Fifty Shades of Grey (Hindi Edition),E. L. James,Length: 21 hrs and 48 mins
"Change Your Thinking, Change Your Life",Brian Tracy,Length: 8 hrs and 57 mins
Seatmate,Cara Bastone,Length: 5 hrs and 10 mins
Genefather,Guy Haley,Length: 10 hrs and 14 mins
"Change Your Questions, Change Your Life",Marilee Adams,Length: 4 hrs and 43 mins
"Detective Sebastian Clifford, Books 1-3",Sally Rigby,Length: 22 hrs and 17 mins
The Untethered Soul,Michael A. Singer,Length: 6 hrs and 11 mins
The Power of Your Subconscious Mind,Dr. Joseph Murphy,Length: 7 hrs and 57 mins
Study for Obedience,Sarah Bernstein,Length: 3 hrs and 59 mins
Absolute Tao,OSHO,Length: 15 hrs and 15 mins
Prem Panth Aiso Kathin,OSHO,Length: 27 hrs and 21 mins
Pride and Prejudice,Jane Austen,Length: 11 hrs and 35 mins
Philosopher's Stone (Hindi Edition),S. Gurjar,Length: 5 hrs and 54 mins
The Secret of Secrets,Osho,Length: 53 hrs and 32 mins
An Economic History of the World since 1400,"Donald J. Harreld,The Great Courses",Length: 24 hrs and 25 mins
The Practicing Stoic,Ward Farnsworth,Length: 9 hrs and 57 mins
If He Had Been with Me,Laura Nowlin,Length: 8 hrs and 37 mins
Astrophysics for Young People in a Hurry,"Gregory Mone,Gabrielle de Cuir,Neil deGrasse Tyson",Length: 3 hrs and 32 mins
Nona the Ninth,Tamsyn Muir,Length: 17 hrs and 46 mins
Kulfi and Cappuccino (Hindi Edition),Ashish Chaudhary,Length: 9 hrs and 32 mins
The Christmas Pact,"Vi Keeland,Penelope Ward",Length: 2 hrs and 54 mins
How to Train a Wild Elephant & Other Adventures in Mindfulness,Jan Chozen Bays MD,Length: 6 hrs and 6 mins
Lethal Defense,Michael Stagg,Length: 9 hrs and 58 mins
"The Harvard Business Review Leader's Handbook: Make an Impact, Inspire Your Organization, and Get to the Next Level","Ron Ashkenas,Brook Manville",Length: 8 hrs and 55 mins
Debt - Updated and Expanded,David Graeber,Length: 17 hrs and 48 mins
Best of Faiz (Hindi Edition),Kuldip Salil,Length: 2 hrs and 17 mins
The McKinsey Way,Ethan M. Rasiel,Length: 4 hrs and 19 mins
7 Secrets of the Goddess,Devdutt Pattanaik,Length: 4 hrs and 38 mins
Hedge Fund Market Wizards,Jack D. Schwager,Length: 16 hrs and 10 mins
Sochiye Aur Ameer Baniye [Think and Be Rich],Napoleon Hill,Length: 11 hrs and 10 mins
Tips of Success (Hindi Edition),Sunil Jogi,Length: 9 hrs and 20 mins
Kamayani (Hindi Edition),Jaishankar Prasad,Length: 3 hrs and 53 mins
"Sincerely, Your Inconvenient Wife",Julia Wolf,Length: 10 hrs and 25 mins
The Little Book of Market Wizards,Jack D. Schwager,Length: 3 hrs and 49 mins
Mahayoddha Kalki: Sword of Shiva,Kevin Missal,Length: 9 hrs and 30 mins
The Sialkot Saga,Ashwin Sanghi,Length: 16 hrs and 56 mins
Dharmayoddha Kalki: Avatar of Vishnu,Kevin Missal,Length: 12 hrs and 34 mins
$100M Leads,Alex Hormozi,Length: 6 hrs
The Armour of Light,Ken Follett,Length: 21 hrs and 39 mins
Kundalini Awakening: 5 in 1 Bundle,Jenifer Williams,Length: 17 hrs and 53 mins
Harvard Business Review Emotional Intelligence Collection,Harvard Business Review,Length: 8 hrs and 1 min
"HBR's 10 Must Reads on Managing Yourself, Vol. 2",Harvard Business Review,Length: 4 hrs and 57 mins
Women and the Weight Loss Tamasha,Rujuta Diwekar,Length: 11 hrs and 38 mins
How to Stop Worrying and Start Living,Dale Carnegie,Length: 9 hrs and 42 mins
God of Ruin,Rina Kent,Length: 14 hrs and 4 mins
Death by Black Hole,Neil deGrasse Tyson,Length: 12 hrs and 4 mins
The Craving Mind,"Judson Brewer,Jon Kabat-Zinn - foreward",Length: 8 hrs and 19 mins
The Little Book of Trading,Michael Covel,Length: 4 hrs and 38 mins
Telepsychics (Hindi Edition),Joseph Murphy,Length: 8 hrs and 17 mins
The Alchemist (Hindi Edition),"Paulo Coelho,Anu Singh - translator",Length: 6 hrs and 36 mins
The 6 Habits of Growth,Brendon Burchard,Length: 5 hrs and 4 mins
How Asia Works,Joe Studwell,Length: 11 hrs and 46 mins
Fooled by Randomness,Nassim Nicholas Taleb,Length: 10 hrs and 3 mins
The Little Book That Builds Wealth,Pat Dorsey,Length: 4 hrs and 54 mins
Golden Son,Pierce Brown,Length: 19 hrs and 3 mins
Roads to Mussoorie,Ruskin Bond,Length: 3 hrs and 5 mins
HBR's 10 Must Reads on Mental Toughness,"Harvard Business Review,Martin E. P. Seligman,Tony Schwartz,Warren G. Bennis,Robert J. Thomas",Length: 4 hrs and 30 mins
Apke Avchetan Man Ki Shakti [The Power of Your Subconscious Mind],Dr. Joseph Murphy,Length: 8 hrs and 37 mins
Evolve Your Brain,Joe Dispenza,Length: 18 hrs and 37 mins
Think and Grow Rich,Napoleon Hill,Length: 7 hrs and 40 mins
Animal Farm (Hindi Edition),George Orwell,Length: 3 hrs and 54 mins
Sword Catcher,Cassandra Clare,Length: 23 hrs and 24 mins
Yupi 65 (UP 65) (Hindi Edition),Nikhil Sachan,Length: 5 hrs and 55 mins
Sevasadan [Service House],Munshi Premchand,Length: 12 hrs and 13 mins
The Brain Fog Fix,Dr. Mike Dow,Length: 7 hrs and 43 mins
Warbreaker (Dramatized Adaptation),Brandon Sanderson,Length: 17 hrs and 50 mins
Percy Jackson and the Olympians: The Chalice of the Gods,Rick Riordan,Length: 7 hrs and 5 mins
Utsav Amar Jati Anand Amar Gotra,OSHO,Length: 17 hrs and 51 mins
Gene Machine,Venki Ramakrishnan,Length: 8 hrs and 11 mins
Sapiens,Yuval Noah Harari,Length: 21 hrs and 42 mins
Written Communications: Being Heard and Understood,"Professor Allison Friederichs Atkison,The Great Courses",Length: 6 hrs and 24 mins
The Secret,Osho,Length: 36 hrs and 55 mins
Network Effect,Martha Wells,Length: 12 hrs and 47 mins
Shiv Puran (Hindi Edition),Dr. Vinay,Length: 7 hrs and 54 mins
Code Name God,Mani Bhaumik,Length: 6 hrs and 20 mins
Dark Horse: Ek Ankahi Dastan (Hindi Edition),Nilotpal Mrinal,Length: 6 hrs and 13 mins
"The Dhammapada, Vol. 1",Osho,Length: 17 hrs and 51 mins
He Who Fights with Monsters: A LitRPG Adventure,"Shirtaloon,Travis Deverell",Length: 28 hrs and 56 mins
The Song of the Cell,Siddhartha Mukherjee,Length: 18 hrs and 9 mins
Rogue Protocol,Martha Wells,Length: 3 hrs and 46 mins
The Toyota Way to Lean Leadership,"Jeffrey Liker,Gary L. Convis",Length: 10 hrs and 4 mins
ColdFusion Presents,Dagogo Altraide,Length: 11 hrs and 38 mins
Ikigai for Young Readers (Marathi Edition),"Hector Garcia,Fransesc Miralles,Prasad Dhapre - translator",Length: 3 hrs and 42 mins
A Touch of Darkness,Scarlett St. Clair,Length: 11 hrs and 6 mins
A Little History of the World,E. H. Gombrich,Length: 9 hrs and 11 mins
Self-Care for Adult Children of Emotionally Immature Parents,Lindsay C. Gibson PsyD,Length: 7 hrs and 20 mins
The Counterfeit Candidate,Brian Klein,Length: 10 hrs and 27 mins
Trade Wars Are Class Wars,"Matthew C. Klein,Michael Pettis",Length: 8 hrs and 32 mins
Understanding Economics,"Jay R. Corrigan,The Great Courses",Length: 5 hrs and 39 mins
The Burnout,Sophie Kinsella,Length: 12 hrs and 20 mins
Rich Dad Poor Dad: 20th Anniversary Edition,Robert T. Kiyosaki,Length: 8 hrs and 22 mins
Permanent and Natural Weight Loss,Glenn Harrold,Length: 31 mins
"Ready, Fire, Aim",Michael Masterson,Length: 12 hrs and 10 mins
Immunity to Change,"Robert Kegan,Lisa Laskow Lahey",Length: 10 hrs and 1 min
How to be a Productivity Ninja,Graham Allcott,Length: 9 hrs and 26 mins
My Inventions,Nikola Tesla,Length: 2 hrs and 44 mins
The Overcoat and Other Russian Tales,Nikolai Vasilievich Gogol,Length: 7 hrs and 53 mins
12 Essential Scientific Concepts,"The Great Courses,Indre Viskontas",Length: 12 hrs and 5 mins
Shakespeare Ki Kahaniyaan [Shakespeare's Stories],William Shakespeare,Length: 4 hrs and 13 mins
Million Dollar Habits,Robert Ringer,Length: 7 hrs and 24 mins
Sense and Sensibility,Jane Austen,Length: 11 hrs and 25 mins
Gut Reactions,Simon Quellen Field,Length: 7 hrs and 29 mins
P.G. Wodehouse Volume 1,P.G. Wodehouse,Length: 40 hrs and 37 mins
Do Epic Shit,Ankur Warikoo,Length: 3 hrs and 17 mins
Loved,Martina Lauchengco,Length: 6 hrs and 56 mins
Naina (Hindi Edition),Sanjeev Paliwal,Length: 10 hrs and 57 mins
Tripwire,Lee Child,Length: 15 hrs and 46 mins
Cometh the Hour,Jeffrey Archer,Length: 13 hrs and 3 mins
Irrational Exuberance,Robert J. Shiller,Length: 13 hrs and 47 mins
Dragon Blood - Omnibus,Lindsay Buroker,Length: 27 hrs and 34 mins
Thinking Big,"Zig Ziglar,Les Brown,Larry Iverson,Laura Stack,Bob Proctor,Marcia Wieder,Chris Widener,Sheila Murray Bethel,Mark Sanborn",Length: 13 hrs and 6 mins
"Harry Potter and the Deathly Hallows, Book 7",J.K. Rowling,Length: 23 hrs and 59 mins
Little Women,Louisa May Alcott,Length: 12 hrs and 15 mins
Thomas Prescott Series Premium,Nick Pirog,Length: 34 hrs and 22 mins
Napoleon Hill's Golden Rules,Napoleon Hill,Length: 6 hrs and 57 mins
"The Quantum Series, Books 1 - 3",Douglas Phillips,Length: 33 hrs and 50 mins
The Chirkuts (Hindi Edition),Alok Kumar,Length: 4 hrs and 9 mins
Gideon the Ninth,Tamsyn Muir,Length: 16 hrs and 50 mins
Complex PTSD,Pete Walker,Length: 10 hrs and 28 mins
Pratigya [Pledge],Munshi Premchand,Length: 5 hrs and 41 mins
"Harry Potter and the Goblet of Fire, Book 4",J.K. Rowling,Length: 20 hrs and 54 mins
Ashtavakra Mahagitaa Vol. 1,OSHO,Length: 16 hrs and 7 mins
"Change Your Brain, Change Your Grades",Daniel G. Amen MD,Length: 6 hrs and 35 mins
"Harry Potter and the Prisoner of Azkaban, Book 3",J.K. Rowling,Length: 12 hrs and 3 mins
The Prodigal Daughter (Hindi Edition),Jeffrey Archer,Length: 20 hrs
How to Study,Ron Fry,Length: 6 hrs and 44 mins
Dark Age,Pierce Brown,Length: 33 hrs and 58 mins
Host the Holy Ghost,Vladimir Savchuk,Length: 4 hrs and 12 mins
Summary of The 7 Habits of Highly Effective People,Audiomatic.in,Length: 27 mins
Cultivating an Unshakable Character,Jim Rohn,Length: 6 hrs and 31 mins
The Magic of Self-Respect,Osho,Length: 29 hrs and 16 mins
The Big Three in Economics,Mark Skousen,Length: 9 hrs and 6 mins
Olympus (Hindi Edition),Devdutt Pattanaik,Length: 8 hrs and 53 mins
"I Know What to Do, So Why Don't I Do It?",Nick Hall,Length: 10 hrs and 5 mins
The Highly Sensitive Person’s Guide to Dealing with Toxic People,Shahida Arabi MA,Length: 7 hrs and 21 mins
The Woman in White,Wilkie Collins,Length: 24 hrs and 37 mins
A Children's History of India,Subhadra Sen Gupta,Length: 11 hrs and 49 mins
The Myth of Capitalism,"Jonathan Tepper,Denise Hearn",Length: 9 hrs and 53 mins
"Harry Potter and the Order of the Phoenix, Book 5",J.K. Rowling,Length: 29 hrs and 1 min
Anna Karenina,Leo Tolstoy,Length: 35 hrs and 35 mins
Sahir Ludhiyanvi,Sahir Ludhiyanvi,Length: 2 hrs and 33 mins
The Pilani Pioneers,"Gaurav Mandlecha,Durjai Sethi",Length: 6 hrs and 59 mins
Jeevan Ka Param Satya (Hindi),OSHO,Length: 1 hr and 37 mins
Metahuman,Dr Deepak Chopra,Length: 12 hrs and 42 mins
The Dream,David Icke,Length: 18 hrs and 56 mins
Wisdom of the Gods for You and Me,Devdutt Pattanaik,Length: 10 hrs and 14 mins
Abroad in Japan,Chris Broad,Length: 8 hrs and 8 mins
How to Write a Lot (2nd Edition),Paul J. Silvia PhD,Length: 3 hrs and 42 mins
21 Kahaniyan Manto [21 Manto Stories],Saadat Hasan Manto,Length: 6 hrs and 44 mins
Timeless Tales for Kids,"E. Nesbit,Charles Dickens,Lewis Carroll,Rudyard Kipling",Length: 10 hrs and 16 mins
Athena Rising,"W. Brad Johnson,David G. Smith",Length: 6 hrs and 40 mins
The Accidental Prime Minister,Sanjaya Baru,Length: 13 hrs
Godaan (Hindi Edition),Munshi Premchand,Length: 16 hrs and 17 mins
The Greatest Bengali Stories Ever Told,Arunava Sinha,Length: 10 hrs and 8 mins
Fantastic Beasts and Where to Find Them,"J.K. Rowling,Newt Scamander",Length: 1 hr and 54 mins
The Creative Thinker's Toolkit,"Gerard Puccio,The Great Courses",Length: 12 hrs and 20 mins
Humble Inquiry,Edgar H. Schein,Length: 3 hrs and 30 mins
That Night (Hindi Edition),Nidhi Upadhyay,Length: 7 hrs and 46 mins
Towers of Midnight,"Robert Jordan,Brandon Sanderson",Length: 38 hrs and 23 mins
Siddhartha (Hindi Edition),Herman Hesse,Length: 5 hrs and 11 mins
Habits for Happiness at Work,"Dr Tim Sharp,Tathagata Mandal - translator",Length: 4 hrs and 58 mins
Dare Nation - The Entire Collection,Carly Phillips,Length: 20 hrs and 12 mins
The Power of Intention,Dr. Wayne W. Dyer,Length: 4 hrs and 27 mins
The Silva Ultramind ESP System,"Michael Wickett,Ed Bernd,Jose Luis Romero,JoNell Lytle",Length: 7 hrs and 23 mins
Put Your A-s Where Your Heart Wants to Be,Steven Pressfield,Length: 1 hr and 55 mins
Atomic Habits,James Clear,Length: 5 hrs and 35 mins
Meri Priya Kahaniyan [My Favorite Stories],Amrita Pritam,Length: 4 hrs and 53 mins
Business Sutra,Devdutt Pattanaik,Length: 11 hrs and 26 mins
The Harvard Business Review Entrepreneur's Handbook,Harvard Business Review,Length: 7 hrs and 30 mins
One Good Trade,Mike Bellafiore,Length: 15 hrs and 8 mins
Night Train at Deoli (Hindi Edition),Ruskin Bond,Length: 6 hrs and 43 mins
Let's Talk Mutual Funds,Monika Halan,Length: 7 hrs and 5 mins
Ambedkar's India,B.R. Ambedkar,Length: 4 hrs and 32 mins
"Harry Potter and the Half-Blood Prince, Book 6",J.K. Rowling,Length: 20 hrs and 31 mins
If You Would Have Told Me,John Stamos,Length: 8 hrs and 44 mins
Case No 56,Chandrashekar Nagawaram,Length: 6 hrs and 7 mins
Hamlet,William Shakespeare,Length: 7 hrs and 14 mins
Expert Secrets,"Russell Brunson,Robert T. Kiyosaki - foreword",Length: 6 hrs and 11 mins
HDFC Bank 2.0,Tamal Bandyopadhyay,Length: 14 hrs and 32 mins
Hard Sell,Lauren Layne,Length: 7 hrs and 8 mins
Beyond Entrepreneurship 2.0,Jim Collins,Length: 13 hrs and 53 mins
The Search,Osho,Length: 13 hrs and 43 mins
The Book of Wisdom,Osho,Length: 47 hrs and 6 mins
Confessions of an Economic Hitman,John Perkins,Length: 9 hrs and 16 mins
Elantris (Dramatized Adaptation),Brandon Sanderson,Length: 18 hrs and 35 mins
A Life of J.R.D. – Beyond the Last Blue Mountain,R M Lala,Length: 1 hr and 6 mins
Midnights with The Mystic,"Cheryl Simone,Jaggi Vasudev (Sadhguru)",Length: 6 hrs and 54 mins
The Little Book of Behavioral Investing,James Montier,Length: 5 hrs and 2 mins
Habits for Happiness,"Dr Tim Sharp,Tathagata Mandal - translator",Length: 4 hrs and 1 min
Derren Brown's Boot Camp for Emotion,Derren Brown,Length: 4 hrs and 58 mins
Roald Dahl Reads Charlie and the Chocolate Factory and Four More Stories,Roald Dahl,Length: 3 hrs and 40 mins
A Breath of Snow and Ashes: International Edition,Diana Gabaldon,Length: 57 hrs and 48 mins
Smile at Fear,"Chögyam Trungpa,Carolyn Rose Gimian - editor,Pema Chödrön - foreword",Length: 3 hrs and 59 mins
Huge Deal,Lauren Layne,Length: 7 hrs and 19 mins
Endymion,Dan Simmons,Length: 23 hrs and 17 mins
The Hidden Hindu 3,Akshat Gupta,Length: 9 hrs and 17 mins
If I Only Knew,Corinne Michaels,Length: 7 hrs and 21 mins
Your Deceptive Mind: A Scientific Guide to Critical Thinking Skills,"Steven Novella,The Great Courses",Length: 12 hrs and 39 mins
Megaliving (Hindi),Robin Sharma,Length: 9 hrs and 24 mins
The Ultimate Brian Tracy Library,Brian Tracy,Length: 16 hrs and 23 mins
A Prisoner of Birth,Jeffrey Archer,Length: 16 hrs and 22 mins
Never Be Sick Again,"Kester Cotton,Raymond Francis MsC",Length: 13 hrs and 36 mins
Forbidden Desires,Madhuri Banerjee,Length: 7 hrs and 53 mins
The Essence of the Bhagavad Gita,Swami Kriyananda,Length: 19 hrs and 47 mins
Small Wins Every Day,Luke Coutinho,Length: 3 hrs and 2 mins
Man's Search for Meaning,Viktor E. Frankl,Length: 4 hrs and 44 mins
The Power of Self-Confidence,Brian Tracy,Length: 5 hrs and 7 mins
The 12-Week Fitness Project (Hindi Edition),Rujuta Diwekar,Length: 3 hrs and 29 mins
The Shadow of What Was Lost,James Islington,Length: 25 hrs and 28 mins
Shakti Rising,"Kavitha M. Chinnaiyan MD,Greg Goode - foreword",Length: 8 hrs and 11 mins
Think and Grow Rich (1937 Edition),Napoleon Hill,Length: 10 hrs and 52 mins
There Is a Spiritual Solution to Every Problem,Dr. Wayne W. Dyer,Length: 7 hrs and 23 mins
English Grammar Boot Camp,"Anne Curzan,The Great Courses",Length: 12 hrs and 26 mins
The Tyrant’s Tomb,Rick Riordan,Length: 13 hrs and 22 mins
The Startup Owner's Manual,"Steve Blank,Bob Dorf",Length: 12 hrs and 59 mins
The 22 Immutable Laws of Marketing,"Al Ries,Jack Trout",Length: 3 hrs and 6 mins
The Ickabog,J.K. Rowling,Length: 7 hrs and 52 mins
"Harry Potter and the Chamber of Secrets, Book 2",J.K. Rowling,Length: 9 hrs and 43 mins
Great Stories for Children,Ruskin Bond,Length: 4 hrs and 28 mins
"Ask, Tell",E. J. Noyes,Length: 8 hrs and 29 mins
The Thirteen Principal Upanishads,uncredited,Length: 11 hrs and 12 mins
Naqaab,J. P. Pomare,Length: 7 hrs and 56 mins
"The Essential Rumi, New Expanded Edition","Jalal ad-Din Muhammad Rumi,Coleman Barks - translator,John Moyne - translator,A. J. Arberry - translator,Reynold Nicholson - translator",Length: 9 hrs and 24 mins
Big Billion Startup,Mihir Dalal,Length: 11 hrs and 23 mins
Those Who Wait,Haley Cass,Length: 21 hrs and 6 mins
Unruly,David Mitchell,Length: 11 hrs and 39 mins
The Fix,David Baldacci,Length: 11 hrs and 53 mins
The Practice,Seth Godin,Length: 5 hrs and 38 mins
Networking Like a Pro,"Ivan Misner PhD,Brian Hilliard",Length: 6 hrs and 21 mins
"The Untethered Soul Lecture Series Collection, Volumes 9-11",Michael A. Singer,Length: 4 hrs and 35 mins
Unf--k Your Brain,Faith G. Harper PhD LPC-S ACS ACN,Length: 3 hrs and 39 mins
How to Win Friends and Influence People (Tamil Edition),Dale Carnegie,Length: 10 hrs and 25 mins
Retrain Your Brain: Cognitive Behavioral Therapy in 7 Weeks: A Workbook for Managing Depression and Anxiety,Seth J. Gillihan PhD,Length: 4 hrs and 17 mins
The Law of Success,Paramahansa Yogananda,Length: 27 mins
Learning How to Learn,"Tesia Marshik,The Great Courses",Length: 4 hrs and 21 mins
Chanakya and the Art of War,Radhakrishnan Pillai,Length: 5 hrs and 11 mins
The New Father: A Dad's Guide to the First Year (New Father Series),Armin A. Brott,Length: 10 hrs and 23 mins
The Daily Trading Coach,Brett N. Steenbarger,Length: 14 hrs and 21 mins
Ramayana for Children,Sudha Gupta,Length: 2 hrs and 43 mins
Sherlock Holmes and the Three Winter Terrors,James Lovegrove,Length: 10 hrs and 46 mins
The Writer on the Hill,Ruskin Bond,Length: 15 hrs and 20 mins
Love's Executioner,Irvin D. Yalom,Length: 10 hrs and 57 mins
The Now Habit,Neil Fiore Ph.D.,Length: 7 hrs and 29 mins
The Truth About Muhammad,Robert Spencer,Length: 6 hrs and 45 mins
The Secret to Attracting Money,Joe Vitale,Length: 6 hrs and 8 mins
Big Shot,Jeff Kinney,Length: 2 hrs and 15 mins
Yes Minister & Yes Prime Minister - The Complete Audio Collection,"Antony Jay,Jonathan Lynn",Length: 18 hrs and 28 mins
Whispering in the Dark ,Ruskin Bond,Length: 6 hrs and 6 mins
15 Ways to Live Longer and Healthier,Joel Osteen,Length: 6 hrs and 34 mins
HBR's 10 Must Reads on Design Thinking,Harvard Business Review,Length: 5 hrs and 52 mins
Badi Soch Ka Bada Jadu [The Magic of Thinking Big],David Schwartz,Length: 11 hrs and 31 mins
The Fish in the Sea Is Not Thirsty,Osho,Length: 26 hrs and 4 mins
Airport,Arthur Hailey,Length: 19 hrs and 17 mins
The Power of Your Subconscious Mind (Tamil Edition),Dr Joseph Murphy,Length: 11 hrs and 16 mins
Cracking the Code,"Ayushmann Khurrana,Tahira Kashyap",Length: 2 hrs and 37 mins
Why I Am a Hindu,Shashi Tharoor,Length: 13 hrs and 2 mins
Chandrakanta (Hindi Edition),Devki Nandan Khatri,Length: 12 hrs and 41 mins
The Five Rules for Successful Stock Investing,"Pat Dorsey,Joe Mansueto",Length: 11 hrs and 53 mins
Undercover Sex Signals,Leil Lowndes,Length: 5 hrs and 29 mins
Sivagamiyin Sabatham (Tamil Edition),Kalki,Length: 28 hrs and 53 mins
The Krishna Key,Ashwin Sanghi,Length: 12 hrs and 24 mins
The Modern Intellectual Tradition: From Descartes to Derrida,"Lawrence Cahoone,The Great Courses",Length: 18 hrs and 46 mins
Twisted Games,Ana Huang,Length: 13 hrs and 14 mins
Make Time,"Jake Knapp,John Zeratsky",Length: 4 hrs and 58 mins
Godsfall,T. B. Mare,Length: 23 hrs and 9 mins
My Autobiography,"Charles Chaplin,David Robinson - introduction",Length: 19 hrs and 35 mins
The Art of Negotiating the Best Deal,"Seth Freeman,The Great Courses",Length: 12 hrs and 46 mins
"The Tantra Experience (The Tantra Vision, Vol. 1)",Osho,Length: 16 hrs and 21 mins
The Hidden Hindu 2,Akshat Gupta,Length: 8 hrs and 26 mins
Dracula [Audible Edition],Bram Stoker,Length: 15 hrs and 27 mins
Adventures of Huckleberry Finn: A Signature Performance by Elijah Wood,Mark Twain,Length: 10 hrs and 10 mins
Yoga Nidra,Kamini Desai PhD,Length: 15 hrs and 17 mins
The Visitor,Lee Child,Length: 14 hrs and 17 mins
Toba Tek Singh Aur Anya Kahaniyaan [Toba Tek Singh and Other Stories],Saadat Hasan Manto,Length: 6 hrs and 33 mins
Kiss That Frog!,"Brian Tracy,Christina Tracy Stein",Length: 3 hrs and 51 mins
Understanding Michael Porter,Joan Magretta,Length: 6 hrs and 4 mins
Charitra (Hindi),OSHO,Length: 1 hr and 42 mins
Pratisad (Marathi Edition),Manoj Ambike,Length: 14 hrs and 24 mins
Kali Ka Uday,Anand Neelakantan,Length: 22 hrs and 41 mins
The Mastery Manual (Hindi),Robin Sharma,Length: 4 hrs and 51 mins
Erotic Stories for Punjabi Widows,Balli Kaur Jaswal,Length: 10 hrs and 34 mins
Ichigo Ichie (Hindi Edition),"Hector Garcia,Fransesc Miralles",Length: 4 hrs and 9 mins
Lean UX: Designing Great Products with Agile Teams (Second Edition),"Jeff Gothelf,Josh Seiden",Length: 4 hrs and 56 mins
Karna,Kevin Missal,Length: 12 hrs and 24 mins
The Dragon Shifter's Mates Boxed Set Books 1-4,Eva Chase,Length: 23 hrs and 32 mins
The Amityville Horror,Jay Anson,Length: 6 hrs and 28 mins
Great Mythologies of the World,"The Great Courses,Grant L. Voth,Julius H. Bailey,Kathryn McClymond,Robert André LaFleur",Length: 31 hrs and 36 mins
For the Love of Physics,"Walter Lewin,Warren Goldstein",Length: 10 hrs and 11 mins
Call Sign Chaos,"Jim Mattis,Bing West",Length: 12 hrs and 1 min
World Without End,Ken Follett,Length: 45 hrs and 34 mins
The Mirror and the Light,Hilary Mantel,Length: 38 hrs and 11 mins
The Art of Critical Decision Making,"Michael A. Roberto,The Great Courses",Length: 12 hrs and 22 mins
Akelapan (Hindi),OSHO,Length: 1 hr and 32 mins
A Therapeutic Journey,Alain de Botton,Length: 9 hrs and 8 mins
The Greatest Minds and Ideas of All Time,Will Durant,Length: 3 hrs and 12 mins
Blackadder: The Complete Collected Series,"Ben Elton,Richard Curtis",Length: 15 hrs and 3 mins
Unscripted: The Great Rat-Race Escape,MJ DeMarco,Length: 16 hrs and 27 mins
"Ponniyin Selvan - Part 6 [The Son of Ponni, Part 6]",Kalki,Length: 13 hrs and 40 mins
A Game of Thrones,George R.R. Martin,Length: 33 hrs and 45 mins
Healing Your Emotional Self,Beverly Engel,Length: 8 hrs and 51 mins
Hotel,Arthur Hailey,Length: 15 hrs and 17 mins
The Porn Myth,Matt Fradd,Length: 5 hrs and 45 mins
Charlotte's Web,"E. B. White,Melissa Sweet",Length: 4 hrs and 2 mins
Summary of Ikigai (Tamil Edition),Audiomatic.in,Length: 26 mins
The 5 AM Club,Robin Sharma,Length: 11 hrs and 4 mins
Think and Grow Rich,Napoleon Hill,Length: 10 hrs and 15 mins
War of Lanka,Amish Tripathi,Length: 16 hrs and 20 mins
How to Persuade and Get Paid,Phil M. Jones,Length: 4 hrs and 39 mins
Sweet Talk,Cara Bastone,Length: 5 hrs and 42 mins
"Declutter Your Mind: How to Stop Worrying, Relieve Anxiety, and Eliminate Negative Thinking","S.J. Scott,Barrie Davenport",Length: 3 hrs and 16 mins
Supercharged Self-Healing,RJ Spina,Length: 6 hrs and 30 mins
Writing Great Fiction: Storytelling Tips and Techniques,"James Hynes,The Great Courses",Length: 12 hrs and 17 mins
Hello Bastar,Rahul Pandita,Length: 5 hrs and 15 mins
Overcome Your Overthinking,"Heidi Sormaz,The Great Courses",Length: 5 hrs and 47 mins
Think and Grow Rich (Marathi Edition),Napoleon Hill,Length: 8 hrs and 11 mins
Effective Communication at Work,Vicki McLeod,Length: 4 hrs and 17 mins
Why We Get Sick,Benjamin Bikman PhD,Length: 6 hrs and 54 mins
4.50 from Paddington,Agatha Christie,Length: 8 hrs and 8 mins
Ghosts of the Silent Hills,Anita Krishan,Length: 9 hrs and 54 mins
Gaban [Embezzlement],Munshi Premchand,Length: 11 hrs and 36 mins
Effective Communication Skills,"Dalton Kehoe,The Great Courses",Length: 11 hrs and 53 mins
Diwan-e-Ghalib,Kuldip Salil,Length: 2 hrs and 30 mins
3 a.m.: Premium,Nick Pirog,Length: 15 hrs and 27 mins
Alcatraz Versus The Evil Librarians [Dramatized Adaptation],Brandon Sanderson,Length: 5 hrs and 34 mins
The Palestinian Delusion,Robert Spencer,Length: 8 hrs and 53 mins
"Life, the Universe, and Everything",Douglas Adams,Length: 5 hrs and 44 mins
Night School,Lee Child,Length: 11 hrs and 12 mins
Telgi,Sanjay Singh,Length: 7 hrs and 6 mins
The Theory of Everything: The Quest to Explain All Reality,"Don Lincoln,The Great Courses",Length: 12 hrs and 21 mins
Olympus: An Indian Retelling of the Greek Myths,Devdutt Pattanaik,Length: 8 hrs and 23 mins
Peace Is Every Step,Thich Nhat Hanh,Length: 3 hrs and 29 mins
The Great Gatsby,F. Scott Fitzgerald,Length: 4 hrs and 49 mins
The Jane Austen Collection,Jane Austen,Length: 45 hrs
Aavarana,"Sandeep Balakrishna - translator,S. L. Bhyrappa",Length: 14 hrs and 20 mins
Winter Turning,Tui T. Sutherland,Length: 7 hrs and 30 mins
The Buddha and the Badass,Vishen Lakhiani,Length: 9 hrs and 42 mins
Dare,Barry McDonagh,Length: 6 hrs and 19 mins
Napoleon Hill's Master Course,Napoleon Hill,Length: 15 hrs and 46 mins
Romeo Juliet (Hindi Edition),William Shakespeare,Length: 3 hrs and 53 mins
Rendezvous with Rama,Arthur C. Clarke,Length: 7 hrs and 21 mins
The Book That Made Your World,Vishal Mangalwadi,Length: 14 hrs and 15 mins
Sherlock Holmes: The Voice of Treason,"George Mann,Cavan Scott",Length: 8 hrs
Amar Bharat (Hindi),Amish Tripathi,Length: 5 hrs and 39 mins
Rule of Two,Drew Karpyshyn,Length: 10 hrs and 12 mins
P. G. Wodehouse Volume 2,P. G. Wodehouse,Length: 45 hrs and 27 mins
Adolf Hitler,John Toland,Length: 44 hrs and 42 mins
The Monk Who Sold His Ferrari (Hindi),Robin Sharma,Length: 9 hrs and 2 mins
Menaka's Choice,Kavita Kane,Length: 12 hrs and 45 mins
I Am Enough: Mark Your Mirror and Change Your Life,Marisa Peer,Length: 5 hrs and 5 mins
Becoming a Professional Life Coach,"Patrick Williams,Diane S. Menendez",Length: 13 hrs and 55 mins
For We Are Many,Dennis E. Taylor,Length: 8 hrs and 59 mins
Diary of a Wimpy Kid: Dog Days (Book 4),Jeff Kinney,Length: 2 hrs and 28 mins
North and South,Elizabeth Gaskell,Length: 18 hrs and 20 mins
The Heart Sutra,Osho,Length: 16 hrs and 24 mins
The Secret of the Druids (Hindi Edition),Christopher Charles Doyle,Length: 12 hrs and 55 mins
How to Train Your Mind,Chris Bailey,Length: 3 hrs and 18 mins
The Tower of Nero,Rick Riordan,Length: 12 hrs and 12 mins
Dante,Sadie Kincaid,Length: 9 hrs and 20 mins
The Perfect Run 3,"Maxime J. Durand,Void Herald",Length: 18 hrs and 14 mins
The Alexander Secret (Hindi Edition),Christopher Charles Doyle,Length: 12 hrs and 20 mins
Revelation Space,Alastair Reynolds,Length: 22 hrs and 12 mins
"The Innovator's DNA, Updated, with a New Preface","Jeff Dyer,Hal Gregersen,Clayton M. Christensen",Length: 9 hrs and 12 mins
Meluha Ke Mritunjay [The Immortals of Meluha],Amish Tripathi,Length: 14 hrs and 45 mins
Poirot's Finest Cases,Agatha Christie,Length: 15 hrs and 37 mins
From Impossible to Inevitable,"Aaron Ross,Jason Lemkin",Length: 11 hrs and 12 mins
Scorpia Rising,Anthony Horowitz,Length: 9 hrs and 26 mins
The Sherlock Holmes Collection,Arthur Conan Doyle,Length: 67 hrs and 44 mins
Forge Your Future,A. P. J. Kalam,Length: 5 hrs and 37 mins
Be Still and Know,Osho,Length: 17 hrs and 10 mins
Marketing 4.0,"Philip Kotler,Hermawan Kartajaya,Iwan Setiawan",Length: 4 hrs and 48 mins
Vicious,L.J. Shen,Length: 10 hrs and 4 mins
At the Eleventh Hour,Pandit Rajmani Tigunait Ph.D.,Length: 17 hrs and 41 mins
Mann ke Chamtkar [Miracles of Your Mind],Joseph Murphy,Length: 2 hrs and 2 mins
Adult Children of Emotionally Immature Parents,Lindsay C. Gibson PsyD,Length: 6 hrs and 50 mins
Office Mein Body Language,"Allan Pease,Barbara Pease",Length: 2 hrs and 32 mins
Vishnu Ke Saat Rahasya [Seven Secrets of Vishnu],Devdutt Pattanaik,Length: 4 hrs and 12 mins
Marriage of Inconvenience,Penny Reid,Length: 16 hrs and 42 mins
"Summary of Rich Dad, Poor Dad (Marathi Edition)",Audiomatic.in,Length: 29 mins
The Power of Concentration,Theron Q. Dumont,Length: 4 hrs and 29 mins
Hiranyakashyap,Kevin Missal,Length: 6 hrs and 11 mins
The Perfect Son,Freida McFadden,Length: 7 hrs and 58 mins
"Harry Potter and the Philosopher's Stone, Book 1",J.K. Rowling,Length: 8 hrs and 25 mins
Mahabharat,Sadhguru,Length: 20 hrs and 42 mins
"Ponniyin Selvan - Part 4 [The Son of Ponni, Part 4]",Kalki,Length: 11 hrs and 46 mins
Think like a Stoic,"Massimo Pigliucci,The Great Courses",Length: 11 hrs and 10 mins
Dhan ko Akarshit Kaise Kare [How to Attract Money],Dr. Joseph Murphy,Length: 2 hrs and 8 mins
Persuader,Lee Child,Length: 14 hrs and 16 mins
The War of Two Queens,Jennifer L. Armentrout,Length: 26 hrs and 38 mins
Figuring,Maria Popova,Length: 21 hrs and 27 mins
The Coming Storm,Michael Lewis,Length: 2 hrs and 27 mins
The Mists of Brahma,Christopher C. Doyle,Length: 11 hrs and 4 mins
"Burn the Fat, Feed the Muscle",Tom Venuto,Length: 11 hrs and 24 mins
The Processes,"Esther Hicks,Jerry Hicks",Length: 4 hrs and 26 mins
The History of Philosophy,A. C. Grayling,Length: 28 hrs and 6 mins
Office Mein Body Language,"Allan Pease,Barbara Pease",Length: 2 hrs and 32 mins
Vishnu Ke Saat Rahasya [Seven Secrets of Vishnu],Devdutt Pattanaik,Length: 4 hrs and 12 mins
Marriage of Inconvenience,Penny Reid,Length: 16 hrs and 42 mins
"Summary of Rich Dad, Poor Dad (Marathi Edition)",Audiomatic.in,Length: 29 mins
The Power of Concentration,Theron Q. Dumont,Length: 4 hrs and 29 mins
Hiranyakashyap,Kevin Missal,Length: 6 hrs and 11 mins
The Perfect Son,Freida McFadden,Length: 7 hrs and 58 mins
"Harry Potter and the Philosopher's Stone, Book 1",J.K. Rowling,Length: 8 hrs and 25 mins
Mahabharat,Sadhguru,Length: 20 hrs and 42 mins
"Ponniyin Selvan - Part 4 [The Son of Ponni, Part 4]",Kalki,Length: 11 hrs and 46 mins
Think like a Stoic,"Massimo Pigliucci,The Great Courses",Length: 11 hrs and 10 mins
Dhan ko Akarshit Kaise Kare [How to Attract Money],Dr. Joseph Murphy,Length: 2 hrs and 8 mins
Persuader,Lee Child,Length: 14 hrs and 16 mins
The War of Two Queens,Jennifer L. Armentrout,Length: 26 hrs and 38 mins
Figuring,Maria Popova,Length: 21 hrs and 27 mins
The Coming Storm,Michael Lewis,Length: 2 hrs and 27 mins
The Mists of Brahma,Christopher C. Doyle,Length: 11 hrs and 4 mins
"Burn the Fat, Feed the Muscle",Tom Venuto,Length: 11 hrs and 24 mins
The Processes,"Esther Hicks,Jerry Hicks",Length: 4 hrs and 26 mins
The History of Philosophy,A. C. Grayling,Length: 28 hrs and 6 mins
